model,run_a,run_b,common_trials,same_rating,same_rate
qwen2.5,1,2,1512,1512,1.0
qwen2.5,2,3,1512,1512,1.0
qwen2.5,3,4,1512,1512,1.0
qwen2.5,4,5,1512,1512,1.0
qwen3,1,2,1512,1421,0.9398148148148148
qwen3,2,3,1512,1413,0.9345238095238095
qwen3,3,4,1512,1419,0.9384920634920635
qwen3,4,5,1512,1405,0.9292328042328042
qwen3.5,1,2,1512,1205,0.796957671957672
qwen3.5,2,3,1512,1190,0.7870370370370371
qwen3.5,3,4,1512,1214,0.8029100529100529
qwen3.5,4,5,1512,1203,0.7956349206349206
