comparison,lr_chisq,df,p
full vs no_three_way,28.90336287388527,20,0.08967967301372289
full vs no_model_construct,77.85661219208669,24,1.3306751515342106e-07
full vs no_model_dialect,84.83010933497007,30,3.903132419508576e-07
full vs no_construct_dialect,72.62827168601507,30,2.1402413572858176e-05
full vs main_effects,138.18310362070952,44,1.1671925853868008e-11
