comparison,lr_chisq,df,p
full vs no_three_way,132.69630187289295,20,1.2140261261745174e-18
full vs no_model_construct,290.2941228303607,24,1.500144313769936e-47
full vs no_model_dialect,367.1937459825058,30,1.129368013083049e-59
full vs no_construct_dialect,246.18080459687917,30,8.263900764006595e-36
full vs main_effects,597.463355902968,44,3.686227819588177e-98
